<?xml version="1.0" encoding="UTF-8"?>
<!DOCTYPE targetDefinitions [ 
	<!ELEMENT targetDefinitions (board)>
	<!ELEMENT board (name, dbgIF+, dbgDEV, mcuId)>
	<!ELEMENT name (#PCDATA)>
	<!ELEMENT dbgIF (#PCDATA)>
	<!ELEMENT dbgDEV (#PCDATA)>
	<!ELEMENT mcuId (#PCDATA)>
	<!ATTLIST board id CDATA #REQUIRED>
]>

<targetDefinitions>
  <board id="stm32f407ve_freertos_sw4stm">
    <name>stm32f407ve_FreeRTOS_sw4stm</name>
    <dbgIF>SWD</dbgIF>
    <dbgDEV>ST-Link</dbgDEV>
    <mcuId>stm32f407vetx</mcuId>
  </board>
</targetDefinitions>
